x,y,bed_z,patch
7.375,42.125,3.0196,Edelstahlverkleidung
7.625,42.125,2.3200,Edelstahlverkleidung
7.875,42.125,2.1078,Substratum_weir
8.125,42.125,2.1095,Substratum_weir
8.375,42.125,2.1122,Substratum_weir
8.625,42.125,2.3010,Substratum_weir
8.875,42.125,2.3275,Substratum_weir
9.125,42.125,2.3415,Substratum_weir
9.375,42.125,2.3538,Substratum_weir
9.625,42.125,2.4624,Substratum_weir
9.875,42.125,2.6178,Substratum_weir
10.125,42.125,2.6191,Substratum_weir
7.375,42.375,2.9633,Edelstahlverkleidung
7.625,42.375,2.4731,Edelstahlverkleidung
7.875,42.375,2.1048,Substratum_fishpass
8.125,42.375,2.1058,Substratum_fishpass
8.375,42.375,2.1095,Substratum_weir
8.625,42.375,2.2512,Substratum_weir
8.875,42.375,2.3221,Substratum_weir
9.125,42.375,2.3365,Substratum_weir
9.375,42.375,2.3487,Substratum_weir
9.625,42.375,2.4019,Substratum_weir
9.875,42.375,2.6155,Substratum_weir
10.125,42.375,2.6166,Substratum_weir
10.375,42.375,3.1182,Edelstahlverkleidung
7.375,42.625,3.0186,Edelstahlverkleidung
7.625,42.625,2.5167,Edelstahlverkleidung
7.875,42.625,2.0981,Substratum_fishpass
8.125,42.625,2.0986,Substratum_fishpass
8.375,42.625,2.1016,Substratum_fishpass
8.625,42.625,2.1878,Substratum_weir
8.875,42.625,2.3165,Substratum_weir
9.125,42.625,2.3305,Substratum_weir
9.375,42.625,2.3439,Substratum_weir
9.625,42.625,2.3571,Substratum_weir
9.875,42.625,2.5910,Substratum_weir
10.125,42.625,2.6142,Substratum_weir
10.375,42.625,2.9729,Edelstahlverkleidung
7.375,42.875,3.0877,Edelstahlverkleidung
7.625,42.875,2.5649,Edelstahlverkleidung
7.875,42.875,2.0853,Substratum_fishpass
8.125,42.875,2.0857,Substratum_fishpass
8.375,42.875,2.0894,Substratum_fishpass
8.625,42.875,2.1302,Substratum_weir
8.875,42.875,2.2921,Substratum_weir
9.125,42.875,2.3119,Substratum_weir
9.375,42.875,2.3336,Substratum_weir
9.625,42.875,2.3518,Substratum_weir
9.875,42.875,2.5351,Substratum_weir
10.125,42.875,2.6119,Substratum_weir
10.375,42.875,2.8243,Edelstahlverkleidung
7.375,43.125,2.8716,Edelstahlverkleidung
7.625,43.125,2.3716,Edelstahlverkleidung
7.875,43.125,2.0721,Substratum_fishpass
8.125,43.125,2.0730,Substratum_fishpass
8.375,43.125,2.0766,Substratum_fishpass
8.625,43.125,2.0879,Substratum_weir
8.875,43.125,2.2623,Substratum_weir
9.125,43.125,2.2861,Substratum_weir
9.375,43.125,2.3068,Substratum_weir
9.625,43.125,2.3260,Substratum_weir
9.875,43.125,2.4649,Substratum_weir
10.125,43.125,2.6100,Substratum_weir
10.375,43.125,2.7150,Edelstahlverkleidung
7.375,43.375,2.5681,Edelstahlverkleidung
7.625,43.375,2.1180,Edelstahlverkleidung
7.875,43.375,2.0562,Substratum_fishpass
8.125,43.375,2.0587,Substratum_fishpass
8.375,43.375,2.0628,Substratum_fishpass
8.625,43.375,2.0879,Substratum_weir
8.875,43.375,2.2390,Substratum_weir
9.125,43.375,2.2586,Substratum_weir
9.375,43.375,2.2748,Substratum_weir
9.625,43.375,2.2933,Substratum_weir
9.875,43.375,2.3730,Substratum_weir
10.125,43.375,2.6100,Substratum_weir
10.375,43.375,2.6100,Substratum_weir
10.625,43.375,2.6100,Substratum_weir
10.875,43.375,2.6645,Edelstahlverkleidung
7.125,43.625,2.9273,Edelstahlverkleidung
7.375,43.625,2.0826,Edelstahlverkleidung
7.625,43.625,2.0426,Substratum_fishpass
7.875,43.625,2.0445,Substratum_fishpass
8.125,43.625,2.0459,Substratum_fishpass
8.375,43.625,2.0511,Substratum_fishpass
8.625,43.625,2.0895,Substratum_weir
8.875,43.625,2.2119,Substratum_weir
9.125,43.625,2.2294,Substratum_weir
9.375,43.625,2.2425,Substratum_weir
9.625,43.625,2.2611,Substratum_weir
9.875,43.625,2.2745,Substratum_weir
10.125,43.625,2.5433,Substratum_weir
10.375,43.625,2.6100,Substratum_weir
10.625,43.625,2.6100,Substratum_weir
10.875,43.625,2.6112,Substratum_weir
7.125,43.875,2.2696,Edelstahlverkleidung
7.375,43.875,2.0314,Substratum_fishpass
7.625,43.875,2.0316,Substratum_fishpass
7.875,43.875,2.0329,Substratum_fishpass
8.125,43.875,2.0335,Substratum_fishpass
8.375,43.875,2.0360,Substratum_fishpass
8.625,43.875,2.1035,Substratum_weir
8.875,43.875,2.1809,Substratum_weir
9.125,43.875,2.1963,Substratum_weir
9.375,43.875,2.2077,Substratum_weir
9.625,43.875,2.2176,Substratum_weir
9.875,43.875,2.2331,Substratum_weir
10.125,43.875,2.2663,Substratum_weir
10.375,43.875,2.6100,Substratum_weir
10.625,43.875,2.6100,Substratum_weir
10.875,43.875,2.6100,Substratum_weir
7.125,44.125,2.0174,Substratum_fishpass
7.375,44.125,2.0186,Substratum_fishpass
7.625,44.125,2.0198,Substratum_fishpass
7.875,44.125,2.0190,Substratum_fishpass
8.125,44.125,2.0198,Substratum_fishpass
8.375,44.125,2.0228,Substratum_fishpass
8.625,44.125,2.1519,Substratum_weir
8.875,44.125,2.1539,Substratum_weir
9.125,44.125,2.1588,Substratum_weir
9.375,44.125,2.1647,Substratum_weir
9.625,44.125,2.1695,Substratum_weir
9.875,44.125,2.1789,Substratum_weir
10.125,44.125,2.1835,Substratum_weir
10.375,44.125,2.2172,Substratum_weir
10.625,44.125,2.1500,Substratum_weir
10.875,44.125,2.1500,Substratum_weir
6.875,44.375,2.0262,Stahlbeton_refinement
7.125,44.375,2.0032,Substratum_fishpass
7.375,44.375,2.0042,Substratum_fishpass
7.625,44.375,2.0049,Substratum_fishpass
7.875,44.375,2.0056,Substratum_fishpass
8.125,44.375,2.0050,Substratum_fishpass
8.375,44.375,2.0194,Substratum_fishpass
8.625,44.375,2.1500,Substratum_weir
8.875,44.375,2.1500,Substratum_weir
9.125,44.375,2.1500,Substratum_weir
9.375,44.375,2.1500,Substratum_weir
9.625,44.375,2.1499,Substratum_weir
9.875,44.375,2.1498,Substratum_weir
10.125,44.375,2.1498,Substratum_weir
10.375,44.375,2.1499,Substratum_weir
10.625,44.375,2.1500,Substratum_weir
10.875,44.375,2.1500,Substratum_weir
11.125,44.375,2.1500,Substratum_weir
11.375,44.375,2.1500,Substratum_weir
11.625,44.375,2.1500,Substratum_weir
7.125,44.625,1.9830,Substratum_fishpass
7.375,44.625,1.9839,Substratum_fishpass
7.625,44.625,1.9846,Substratum_fishpass
7.875,44.625,1.9852,Substratum_fishpass
8.125,44.625,1.9857,Substratum_fishpass
8.375,44.625,2.0143,Stahlbeton_refinement
8.625,44.625,2.1500,Substratum_weir
8.875,44.625,2.1500,Substratum_weir
9.125,44.625,2.1500,Substratum_weir
9.375,44.625,2.1500,Substratum_weir
9.625,44.625,2.1499,Substratum_weir
9.875,44.625,2.1499,Substratum_weir
10.125,44.625,2.1498,Substratum_weir
10.375,44.625,2.1499,Substratum_weir
10.625,44.625,2.1500,Substratum_weir
10.875,44.625,2.1500,Substratum_weir
11.125,44.625,2.1500,Substratum_weir
11.375,44.625,2.1500,Substratum_weir
11.625,44.625,2.1500,Substratum_weir
11.875,44.625,2.1500,Substratum_weir
12.125,44.625,2.1500,Substratum_weir
7.125,44.875,1.9614,Substratum_fishpass
7.375,44.875,1.9624,Substratum_fishpass
7.625,44.875,1.9638,Substratum_fishpass
7.875,44.875,1.9642,Substratum_fishpass
8.125,44.875,1.9633,Substratum_fishpass
8.375,44.875,1.9648,Substratum_fishpass
8.625,44.875,2.1500,Substratum_weir
8.875,44.875,2.1500,Substratum_weir
9.125,44.875,2.1500,Substratum_weir
9.375,44.875,2.1500,Substratum_weir
9.625,44.875,2.1500,Substratum_weir
9.875,44.875,2.1499,Substratum_weir
10.125,44.875,2.1499,Substratum_weir
10.375,44.875,2.1500,Substratum_weir
10.625,44.875,2.1500,Substratum_weir
10.875,44.875,2.1500,Substratum_weir
11.125,44.875,2.1500,Substratum_weir
11.375,44.875,2.1500,Substratum_weir
11.625,44.875,2.1500,Substratum_weir
11.875,44.875,2.1500,Substratum_weir
12.125,44.875,2.1500,Substratum_weir
7.125,45.125,1.9426,Substratum_fishpass
7.375,45.125,1.9426,Substratum_fishpass
7.625,45.125,1.9434,Substratum_fishpass
7.875,45.125,1.9435,Substratum_fishpass
8.125,45.125,1.9434,Substratum_fishpass
8.375,45.125,1.9429,Substratum_fishpass
8.625,45.125,2.1500,Substratum_weir
8.875,45.125,2.1500,Substratum_weir
9.125,45.125,2.1500,Substratum_weir
9.375,45.125,2.1500,Substratum_weir
9.625,45.125,2.1500,Substratum_weir
9.875,45.125,2.1500,Substratum_weir
10.125,45.125,2.1500,Substratum_weir
10.375,45.125,2.1500,Substratum_weir
10.625,45.125,2.1500,Substratum_weir
10.875,45.125,2.1500,Substratum_weir
11.125,45.125,2.1500,Substratum_weir
11.375,45.125,2.1500,Substratum_weir
11.625,45.125,2.1500,Substratum_weir
11.875,45.125,2.1500,Substratum_weir
12.125,45.125,2.1500,Substratum_weir
7.125,45.375,1.9588,Stahlbeton_refinement
7.375,45.375,1.9213,Substratum_fishpass
7.625,45.375,1.9209,Substratum_fishpass
7.875,45.375,1.9360,Substratum_fishpass
8.125,45.375,1.9238,Substratum_fishpass
8.375,45.375,1.9255,Substratum_fishpass
8.625,45.375,2.1500,Substratum_weir
8.875,45.375,2.1500,Substratum_weir
9.125,45.375,2.1500,Substratum_weir
9.375,45.375,2.1500,Substratum_weir
9.625,45.375,2.1500,Substratum_weir
9.875,45.375,2.1500,Substratum_weir
10.125,45.375,2.1500,Substratum_weir
10.375,45.375,2.1500,Substratum_weir
10.625,45.375,2.1500,Substratum_weir
10.875,45.375,2.1500,Substratum_weir
11.125,45.375,2.1500,Substratum_weir
11.375,45.375,2.1500,Substratum_weir
11.625,45.375,2.1500,Substratum_weir
11.875,45.375,2.1500,Substratum_weir
12.125,45.375,2.1500,Substratum_weir
12.375,45.375,2.1728,Stahlbeton_right
7.375,45.625,1.9016,Substratum_fishpass
7.625,45.625,1.9029,Substratum_fishpass
7.875,45.625,1.9030,Substratum_fishpass
8.125,45.625,1.9033,Substratum_fishpass
8.375,45.625,1.9036,Substratum_fishpass
8.625,45.625,1.9034,Substratum_fishpass
8.875,45.625,2.1500,Stahlbeton_refinement
9.125,45.625,2.1500,Stahlbeton_refinement
9.375,45.625,2.1500,Stahlbeton_refinement
9.625,45.625,2.1500,Substratum_weir
9.875,45.625,2.1500,Substratum_weir
10.125,45.625,2.1500,Substratum_weir
10.375,45.625,2.1500,Substratum_weir
10.625,45.625,2.1500,Substratum_weir
10.875,45.625,2.1500,Substratum_weir
11.125,45.625,2.1500,Substratum_weir
11.375,45.625,2.1500,Substratum_weir
11.625,45.625,2.1500,Substratum_weir
11.875,45.625,2.1500,Substratum_weir
12.125,45.625,2.1500,Substratum_weir
12.375,45.625,2.1500,Substratum_weir
7.375,45.875,1.8807,Substratum_fishpass
7.625,45.875,1.8811,Substratum_fishpass
7.875,45.875,1.8828,Substratum_fishpass
8.125,45.875,1.8830,Substratum_fishpass
8.375,45.875,1.8834,Substratum_fishpass
8.625,45.875,1.8815,Substratum_fishpass
8.875,45.875,0.1302,Magerbeton_refinement
9.125,45.875,0.1300,Magerbeton_refinement
9.375,45.875,2.1500,Stahlbeton_refinement
9.625,45.875,2.1500,Stahlbeton_refinement
9.875,45.875,2.1500,Stahlbeton_refinement
10.125,45.875,2.1500,Substratum_weir
10.375,45.875,2.1500,Substratum_weir
10.625,45.875,2.1500,Substratum_weir
10.875,45.875,2.1500,Substratum_weir
11.125,45.875,2.1500,Substratum_weir
11.375,45.875,2.1500,Substratum_weir
11.625,45.875,2.1500,Substratum_weir
11.875,45.875,2.1500,Substratum_weir
12.125,45.875,2.1500,Substratum_weir
12.375,45.875,2.1500,Substratum_weir
7.375,46.125,1.8624,Substratum_fishpass
7.625,46.125,1.8600,Substratum_fishpass
7.875,46.125,1.8620,Substratum_fishpass
8.125,46.125,1.8623,Substratum_fishpass
8.375,46.125,1.8625,Substratum_fishpass
8.625,46.125,1.8608,Substratum_fishpass
8.875,46.125,0.1300,Magerbeton_refinement
9.125,46.125,0.1300,Magerbeton_refinement
9.375,46.125,0.1300,Magerbeton_refinement
9.625,46.125,0.1300,Magerbeton_refinement
9.875,46.125,0.1583,Stahlbeton_refinement
10.125,46.125,2.1500,Stahlbeton_refinement
10.375,46.125,2.1500,Stahlbeton_refinement
10.625,46.125,2.1500,Stahlbeton_refinement
10.875,46.125,2.1500,Substratum_weir
11.125,46.125,2.1500,Substratum_weir
11.375,46.125,2.1500,Substratum_weir
11.625,46.125,2.1500,Substratum_weir
11.875,46.125,2.1500,Substratum_weir
12.125,46.125,2.1500,Substratum_weir
12.375,46.125,2.1500,Substratum_weir
7.375,46.375,1.8584,Substratum_fishpass
7.625,46.375,1.8401,Substratum_fishpass
7.875,46.375,1.8416,Substratum_fishpass
8.125,46.375,1.8418,Substratum_fishpass
8.375,46.375,1.8420,Substratum_fishpass
8.625,46.375,1.8409,Substratum_fishpass
8.875,46.375,0.1578,Stahlbeton_refinement
9.125,46.375,0.1300,Magerbeton_refinement
9.375,46.375,0.1300,Magerbeton_refinement
9.625,46.375,0.1300,Magerbeton_refinement
9.875,46.375,0.1300,Magerbeton_refinement
10.125,46.375,0.1300,Magerbeton_refinement
10.375,46.375,0.1300,Magerbeton_refinement
10.625,46.375,2.1500,Stahlbeton_refinement
10.875,46.375,2.1500,Stahlbeton_refinement
11.125,46.375,2.1500,Stahlbeton_refinement
11.375,46.375,2.1500,Stahlbeton_refinement
11.625,46.375,2.1500,Substratum_weir
11.875,46.375,2.1500,Substratum_weir
12.125,46.375,2.1500,Substratum_weir
12.375,46.375,2.1500,Substratum_weir
12.625,46.375,2.1728,Stahlbeton_right
7.625,46.625,1.8199,Substratum_fishpass
7.875,46.625,1.8194,Substratum_fishpass
8.125,46.625,1.8190,Substratum_fishpass
8.375,46.625,1.8202,Substratum_fishpass
8.625,46.625,1.8205,Substratum_fishpass
8.875,46.625,1.8207,Substratum_fishpass
9.125,46.625,0.1300,Magerbeton_refinement
9.375,46.625,0.1300,Magerbeton_refinement
9.625,46.625,0.1300,Magerbeton_refinement
9.875,46.625,0.1300,Magerbeton_refinement
10.125,46.625,0.1300,Magerbeton_refinement
10.375,46.625,0.1300,Magerbeton_refinement
10.625,46.625,0.1300,Magerbeton_refinement
10.875,46.625,0.1300,Magerbeton_refinement
11.125,46.625,0.1300,Magerbeton_refinement
11.375,46.625,2.1500,Stahlbeton_refinement
11.625,46.625,2.1500,Stahlbeton_refinement
11.875,46.625,2.1500,Stahlbeton_refinement
12.125,46.625,2.1500,Substratum_weir
12.375,46.625,2.1500,Substratum_weir
12.625,46.625,2.1500,Substratum_weir
7.625,46.875,1.8006,Substratum_fishpass
7.875,46.875,1.8007,Substratum_fishpass
8.125,46.875,1.8008,Substratum_fishpass
8.375,46.875,1.8053,Substratum_fishpass
8.625,46.875,1.8091,Substratum_fishpass
8.875,46.875,1.8002,Substratum_fishpass
9.125,46.875,0.1300,Magerbeton_refinement
9.375,46.875,0.1300,Magerbeton_refinement
9.625,46.875,0.1300,Magerbeton_refinement
9.875,46.875,0.1300,Magerbeton_refinement
10.125,46.875,0.1300,Magerbeton_refinement
10.375,46.875,0.1300,Magerbeton_refinement
10.625,46.875,0.1300,Magerbeton_refinement
10.875,46.875,0.1300,Magerbeton_refinement
11.125,46.875,0.1300,Magerbeton_refinement
11.375,46.875,0.1300,Magerbeton_refinement
11.625,46.875,0.1300,Magerbeton_refinement
11.875,46.875,0.1580,Stahlbeton_refinement
12.125,46.875,2.1500,Stahlbeton_refinement
12.375,46.875,2.1500,Stahlbeton_refinement
12.625,46.875,2.1500,Stahlbeton_refinement
7.625,47.125,1.7931,Substratum_fishpass
7.875,47.125,1.7793,Substratum_fishpass
8.125,47.125,1.7791,Substratum_fishpass
8.375,47.125,1.7814,Substratum_fishpass
8.625,47.125,1.7810,Substratum_fishpass
8.875,47.125,1.7810,Substratum_fishpass
9.125,47.125,0.1300,Magerbeton_refinement
9.375,47.125,0.1300,Magerbeton_refinement
9.625,47.125,0.1300,Magerbeton_refinement
9.875,47.125,0.1300,Magerbeton_refinement
10.125,47.125,0.1300,Magerbeton_refinement
10.375,47.125,0.1300,Magerbeton_refinement
10.625,47.125,0.1300,Magerbeton_refinement
10.875,47.125,0.1300,Magerbeton_refinement
11.125,47.125,0.1300,Magerbeton_refinement
11.375,47.125,0.1300,Magerbeton_refinement
11.625,47.125,0.1300,Magerbeton_refinement
11.875,47.125,0.1300,Magerbeton_refinement
12.125,47.125,0.1300,Magerbeton_refinement
12.375,47.125,0.1300,Magerbeton_refinement
12.625,47.125,0.1583,Stahlbeton_refinement
7.875,47.375,1.7657,Stahlbeton_refinement
8.125,47.375,1.7586,Substratum_fishpass
8.375,47.375,1.7591,Substratum_fishpass
8.625,47.375,1.7602,Substratum_fishpass
8.875,47.375,1.7590,Substratum_fishpass
9.125,47.375,1.7591,Substratum_fishpass
9.375,47.375,0.1300,Magerbeton_refinement
9.625,47.375,0.1300,Magerbeton_refinement
9.875,47.375,0.1300,Magerbeton_refinement
10.125,47.375,0.1300,Magerbeton_refinement
10.375,47.375,0.1300,Magerbeton_refinement
10.625,47.375,0.1300,Magerbeton_refinement
10.875,47.375,0.1300,Magerbeton_refinement
11.125,47.375,0.1300,Magerbeton_refinement
11.375,47.375,0.1300,Magerbeton_refinement
11.625,47.375,0.1300,Magerbeton_refinement
11.875,47.375,0.1300,Magerbeton_refinement
12.125,47.375,0.1300,Magerbeton_refinement
12.375,47.375,0.1300,Magerbeton_refinement
12.625,47.375,0.1300,Magerbeton_refinement
12.875,47.375,0.1300,Magerbeton_refinement
7.875,47.625,1.7396,Substratum_fishpass
8.125,47.625,1.7399,Substratum_fishpass
8.375,47.625,1.7400,Substratum_fishpass
8.625,47.625,1.7398,Substratum_fishpass
8.875,47.625,1.7397,Substratum_fishpass
9.125,47.625,1.7404,Substratum_fishpass
9.375,47.625,0.1300,Magerbeton_refinement
9.625,47.625,0.1300,Magerbeton_refinement
9.875,47.625,0.6801,Magerbeton
10.125,47.625,0.6836,Magerbeton
10.375,47.625,0.1300,Magerbeton_refinement
10.625,47.625,0.1300,Magerbeton_refinement
10.875,47.625,0.1300,Magerbeton_refinement
11.125,47.625,0.1300,Magerbeton_refinement
11.375,47.625,0.1300,Magerbeton_refinement
11.625,47.625,0.1300,Magerbeton_refinement
11.875,47.625,0.1300,Magerbeton_refinement
12.125,47.625,0.1300,Magerbeton_refinement
12.375,47.625,0.1300,Magerbeton_refinement
12.625,47.625,0.1300,Magerbeton_refinement
12.875,47.625,0.1300,Magerbeton_refinement
7.875,47.875,1.7198,Substratum_fishpass
8.125,47.875,1.7190,Substratum_fishpass
8.375,47.875,1.7191,Substratum_fishpass
8.625,47.875,1.7190,Substratum_fishpass
8.875,47.875,1.7190,Substratum_fishpass
9.125,47.875,1.7190,Substratum_fishpass
9.375,47.875,0.1300,Magerbeton_refinement
9.625,47.875,0.1300,Magerbeton_refinement
9.875,47.875,0.1579,Magerbeton
10.125,47.875,0.6822,Magerbeton
10.375,47.875,0.6859,Magerbeton
10.625,47.875,0.6900,Magerbeton
10.875,47.875,0.6944,Magerbeton
11.125,47.875,0.1300,Magerbeton_refinement
11.375,47.875,0.1300,Magerbeton_refinement
11.625,47.875,0.1300,Magerbeton_refinement
11.875,47.875,0.1300,Magerbeton_refinement
12.125,47.875,0.1300,Magerbeton_refinement
12.375,47.875,0.1300,Magerbeton_refinement
12.625,47.875,0.1300,Magerbeton_refinement
12.875,47.875,0.1300,Magerbeton_refinement
7.875,48.125,1.7307,Stahlbeton_refinement
8.125,48.125,1.6991,Substratum_fishpass
8.375,48.125,1.6988,Substratum_fishpass
8.625,48.125,1.6984,Substratum_fishpass
8.875,48.125,1.6988,Substratum_fishpass
9.125,48.125,1.6980,Substratum_fishpass
9.375,48.125,0.1581,Stahlbeton_refinement
9.625,48.125,0.1300,Magerbeton_refinement
9.875,48.125,0.1300,Magerbeton_refinement
10.125,48.125,0.6808,Magerbeton
10.375,48.125,0.6842,Magerbeton
10.625,48.125,0.6882,Magerbeton
10.875,48.125,0.6924,Magerbeton
11.125,48.125,0.6970,Magerbeton
11.375,48.125,0.7015,Magerbeton
11.625,48.125,0.1579,Magerbeton
11.875,48.125,0.1300,Magerbeton_refinement
12.125,48.125,0.1300,Magerbeton_refinement
12.375,48.125,0.1300,Magerbeton_refinement
12.625,48.125,0.1300,Magerbeton_refinement
12.875,48.125,0.1300,Magerbeton_refinement
13.125,48.125,0.1582,Stahlbeton_right
8.125,48.375,1.6779,Substratum_fishpass
8.375,48.375,1.6778,Substratum_fishpass
8.625,48.375,1.6800,Substratum_fishpass
8.875,48.375,1.6769,Substratum_fishpass
9.125,48.375,1.6784,Substratum_fishpass
9.375,48.375,1.7080,Stahlbeton_refinement
9.625,48.375,0.1300,Magerbeton_refinement
9.875,48.375,0.1300,Magerbeton_refinement
10.125,48.375,0.6793,Magerbeton
10.375,48.375,0.6829,Magerbeton
10.625,48.375,0.6863,Magerbeton
10.875,48.375,0.6905,Magerbeton
11.125,48.375,0.6950,Magerbeton
11.375,48.375,0.6995,Magerbeton
11.625,48.375,0.7041,Magerbeton
11.875,48.375,0.7086,Magerbeton
12.125,48.375,0.7127,Magerbeton
12.375,48.375,0.1300,Magerbeton_refinement
12.625,48.375,0.1300,Magerbeton_refinement
12.875,48.375,0.1299,Magerbeton_refinement
13.125,48.375,0.1300,Magerbeton_refinement
8.125,48.625,1.6577,Substratum_fishpass
8.375,48.625,1.6572,Substratum_fishpass
8.625,48.625,1.6562,Substratum_fishpass
8.875,48.625,1.6569,Substratum_fishpass
9.125,48.625,1.6565,Substratum_fishpass
9.375,48.625,1.6562,Substratum_fishpass
9.625,48.625,0.1300,Magerbeton_refinement
9.875,48.625,0.1300,Magerbeton_refinement
10.125,48.625,0.6780,Magerbeton
10.375,48.625,0.6815,Magerbeton
10.625,48.625,0.6849,Magerbeton
10.875,48.625,0.6884,Magerbeton
11.125,48.625,0.6929,Magerbeton
11.375,48.625,0.6974,Magerbeton
11.625,48.625,0.7019,Magerbeton
11.875,48.625,0.7066,Magerbeton
12.125,48.625,0.7113,Magerbeton
12.375,48.625,0.7157,Magerbeton
12.625,48.625,0.7198,Magerbeton
12.875,48.625,0.7238,Magerbeton
13.125,48.625,0.3228,Magerbeton
8.125,48.875,1.6436,Substratum_fishpass
8.375,48.875,1.6400,Substratum_fishpass
8.625,48.875,1.6380,Substratum_fishpass
8.875,48.875,1.6378,Substratum_fishpass
9.125,48.875,1.6373,Substratum_fishpass
9.375,48.875,1.6355,Substratum_fishpass
9.625,48.875,0.1300,Magerbeton_refinement
9.875,48.875,0.1300,Magerbeton_refinement
10.125,48.875,0.1300,Magerbeton_refinement
10.375,48.875,0.6802,Magerbeton
10.625,48.875,0.6836,Magerbeton
10.875,48.875,0.6870,Magerbeton
11.125,48.875,0.6907,Magerbeton
11.375,48.875,0.6952,Magerbeton
11.625,48.875,0.6998,Magerbeton
11.875,48.875,0.7044,Magerbeton
12.125,48.875,0.7091,Magerbeton
12.375,48.875,0.7138,Magerbeton
12.625,48.875,0.7185,Magerbeton
12.875,48.875,0.7227,Magerbeton
13.125,48.875,0.7269,Magerbeton
8.375,49.125,1.6181,Substratum_fishpass
8.625,49.125,1.6175,Substratum_fishpass
8.875,49.125,1.6170,Substratum_fishpass
9.125,49.125,1.6167,Substratum_fishpass
9.375,49.125,1.6165,Substratum_fishpass
9.625,49.125,1.6350,Stahlbeton_refinement
9.875,49.125,0.1300,Magerbeton_refinement
10.125,49.125,0.1300,Magerbeton_refinement
10.375,49.125,0.6788,Magerbeton
10.625,49.125,0.6823,Magerbeton
10.875,49.125,0.6856,Magerbeton
11.125,49.125,0.6890,Magerbeton
11.375,49.125,0.6930,Magerbeton
11.625,49.125,0.6975,Magerbeton
11.875,49.125,0.7022,Magerbeton
12.125,49.125,0.7068,Magerbeton
12.375,49.125,0.7115,Magerbeton
12.625,49.125,0.7163,Magerbeton
12.875,49.125,0.7210,Magerbeton
13.125,49.125,0.7258,Magerbeton
13.375,49.125,0.7294,Magerbeton
8.375,49.375,1.5977,Substratum_fishpass
8.625,49.375,1.5975,Substratum_fishpass
8.875,49.375,1.5970,Substratum_fishpass
9.125,49.375,1.5966,Substratum_fishpass
9.375,49.375,1.5962,Substratum_fishpass
9.625,49.375,1.5963,Substratum_fishpass
9.875,49.375,0.1300,Magerbeton_refinement
10.125,49.375,0.1300,Magerbeton_refinement
10.375,49.375,0.6774,Magerbeton
10.625,49.375,0.6809,Magerbeton
10.875,49.375,0.6843,Magerbeton
11.125,49.375,0.6877,Magerbeton
11.375,49.375,0.6911,Magerbeton
11.625,49.375,0.6953,Magerbeton
11.875,49.375,0.6999,Magerbeton
12.125,49.375,0.7045,Magerbeton
12.375,49.375,0.7092,Magerbeton
12.625,49.375,0.7140,Magerbeton
12.875,49.375,0.7187,Magerbeton
13.125,49.375,0.7234,Magerbeton
13.375,49.375,0.7288,Magerbeton
8.375,49.625,1.5766,Substratum_fishpass
8.625,49.625,1.5765,Substratum_fishpass
8.875,49.625,1.5776,Substratum_fishpass
9.125,49.625,1.5770,Substratum_fishpass
9.375,49.625,1.5748,Substratum_fishpass
9.625,49.625,1.5740,Substratum_fishpass
9.875,49.625,0.1305,Magerbeton_refinement
10.125,49.625,0.1306,Magerbeton_refinement
10.375,49.625,0.1598,Magerbeton
10.625,49.625,0.6795,Magerbeton
10.875,49.625,0.6830,Magerbeton
11.125,49.625,0.6864,Magerbeton
11.375,49.625,0.6897,Magerbeton
11.625,49.625,0.6931,Magerbeton
11.875,49.625,0.6976,Magerbeton
12.125,49.625,0.7022,Magerbeton
12.375,49.625,0.7069,Magerbeton
12.625,49.625,0.7116,Magerbeton
12.875,49.625,0.7164,Magerbeton
13.125,49.625,0.7212,Magerbeton
13.375,49.625,0.7280,Magerbeton
8.375,49.875,1.5685,Substratum_fishpass
8.625,49.875,1.5562,Substratum_fishpass
8.875,49.875,1.5553,Substratum_fishpass
9.125,49.875,1.5548,Substratum_fishpass
9.375,49.875,1.5549,Substratum_fishpass
9.625,49.875,1.5535,Substratum_fishpass
9.875,49.875,0.1595,Stahlbeton_refinement
10.125,49.875,0.1319,Magerbeton_refinement
10.375,49.875,0.1324,Magerbeton_refinement
10.625,49.875,0.6781,Magerbeton
10.875,49.875,0.6816,Magerbeton
11.125,49.875,0.6850,Magerbeton
11.375,49.875,0.6884,Magerbeton
11.625,49.875,0.6918,Magerbeton
11.875,49.875,0.6953,Magerbeton
12.125,49.875,0.6999,Magerbeton
12.375,49.875,0.7046,Magerbeton
12.625,49.875,0.7093,Magerbeton
12.875,49.875,0.7141,Magerbeton
13.125,49.875,0.7188,Magerbeton
8.625,50.125,1.5368,Substratum_fishpass
8.875,50.125,1.5367,Substratum_fishpass
9.125,50.125,1.5406,Substratum_fishpass
9.375,50.125,1.5469,Substratum_fishpass
9.625,50.125,1.5334,Substratum_fishpass
9.875,50.125,1.5333,Substratum_fishpass
10.125,50.125,0.1332,Magerbeton_refinement
10.375,50.125,0.1335,Magerbeton_refinement
10.625,50.125,0.6767,Magerbeton
10.875,50.125,0.6803,Magerbeton
11.125,50.125,0.6837,Magerbeton
11.375,50.125,0.6871,Magerbeton
11.625,50.125,0.6905,Magerbeton
11.875,50.125,0.6938,Magerbeton
12.125,50.125,0.6975,Magerbeton
12.375,50.125,0.7022,Magerbeton
12.625,50.125,0.7069,Magerbeton
12.875,50.125,0.7117,Magerbeton
13.125,50.125,0.7182,Magerbeton
8.625,50.375,1.5164,Substratum_fishpass
8.875,50.375,1.5155,Substratum_fishpass
9.125,50.375,1.5156,Substratum_fishpass
9.375,50.375,1.5147,Substratum_fishpass
9.625,50.375,1.5138,Substratum_fishpass
9.875,50.375,1.5142,Substratum_fishpass
10.125,50.375,0.1345,Magerbeton_refinement
10.375,50.375,0.1347,Magerbeton_refinement
10.625,50.375,0.6758,Magerbeton
10.875,50.375,0.6789,Magerbeton
11.125,50.375,0.6824,Magerbeton
11.375,50.375,0.6858,Magerbeton
11.625,50.375,0.6892,Magerbeton
11.875,50.375,0.6925,Magerbeton
12.125,50.375,0.6958,Magerbeton
12.375,50.375,0.6998,Magerbeton
12.625,50.375,0.7046,Magerbeton
12.875,50.375,0.7099,Magerbeton
8.625,50.625,1.5120,Substratum_fishpass
8.875,50.625,1.4963,Substratum_fishpass
9.125,50.625,1.4953,Substratum_fishpass
9.375,50.625,1.4945,Substratum_fishpass
9.625,50.625,1.4937,Substratum_fishpass
9.875,50.625,1.4936,Substratum_fishpass
10.125,50.625,0.1359,Magerbeton_refinement
10.375,50.625,0.1360,Magerbeton_refinement
10.625,50.625,0.1372,Magerbeton_refinement
10.875,50.625,0.6775,Magerbeton
11.125,50.625,0.6810,Magerbeton
11.375,50.625,0.6844,Magerbeton
11.625,50.625,0.6879,Magerbeton
11.875,50.625,0.6912,Magerbeton
12.125,50.625,0.6946,Magerbeton
12.375,50.625,0.6979,Magerbeton
12.625,50.625,0.7023,Magerbeton
12.875,50.625,1.0563,Stahlbeton_right
8.625,50.875,1.5169,Stahlbeton_refinement
8.875,50.875,1.4763,Substratum_fishpass
9.125,50.875,1.4759,Substratum_fishpass
9.375,50.875,1.4737,Substratum_fishpass
9.625,50.875,1.4737,Substratum_fishpass
9.875,50.875,1.4718,Substratum_fishpass
10.125,50.875,0.1633,Stahlbeton_refinement
10.375,50.875,0.1373,Magerbeton_refinement
10.625,50.875,0.1376,Magerbeton_refinement
10.875,50.875,0.6761,Magerbeton
11.125,50.875,0.6796,Magerbeton
11.375,50.875,0.6831,Magerbeton
11.625,50.875,0.6865,Magerbeton
11.875,50.875,0.6899,Magerbeton
12.125,50.875,0.6933,Magerbeton
12.375,50.875,0.6966,Magerbeton
12.625,50.875,0.6998,Magerbeton
8.875,51.125,1.4547,Substratum_fishpass
9.125,51.125,1.4550,Substratum_fishpass
9.375,51.125,1.4541,Substratum_fishpass
9.625,51.125,1.4532,Substratum_fishpass
9.875,51.125,1.4513,Substratum_fishpass
10.125,51.125,1.4512,Substratum_fishpass
10.375,51.125,0.1386,Magerbeton_refinement
10.625,51.125,0.1388,Magerbeton_refinement
10.875,51.125,0.6747,Magerbeton
11.125,51.125,0.6783,Magerbeton
11.375,51.125,0.6817,Magerbeton
11.625,51.125,0.6852,Magerbeton
11.875,51.125,0.6886,Magerbeton
12.125,51.125,0.6920,Magerbeton
12.375,51.125,0.6953,Magerbeton
12.625,51.125,0.6987,Magerbeton
8.875,51.375,1.4355,Substratum_fishpass
9.125,51.375,1.4348,Substratum_fishpass
9.375,51.375,1.4328,Substratum_fishpass
9.625,51.375,1.4325,Substratum_fishpass
9.875,51.375,1.4321,Substratum_fishpass
10.125,51.375,1.4319,Substratum_fishpass
10.375,51.375,0.1400,Magerbeton_refinement
10.625,51.375,0.1401,Magerbeton_refinement
10.875,51.375,0.6733,Magerbeton
11.125,51.375,0.6769,Magerbeton
11.375,51.375,0.6804,Magerbeton
11.625,51.375,0.6839,Magerbeton
11.875,51.375,0.6873,Magerbeton
12.125,51.375,0.6907,Magerbeton
12.375,51.375,0.6941,Magerbeton
12.625,51.375,0.6975,Magerbeton
8.875,51.625,1.4209,Substratum_fishpass
9.125,51.625,1.4134,Substratum_fishpass
9.375,51.625,1.4135,Substratum_fishpass
9.625,51.625,1.4143,Substratum_fishpass
9.875,51.625,1.4167,Substratum_fishpass
10.125,51.625,1.4201,Substratum_fishpass
10.375,51.625,0.1413,Magerbeton_refinement
10.625,51.625,0.1413,Magerbeton_refinement
10.875,51.625,0.1422,Magerbeton_refinement
11.125,51.625,0.6756,Magerbeton
11.375,51.625,0.6790,Magerbeton
11.625,51.625,0.6825,Magerbeton
11.875,51.625,0.6860,Magerbeton
12.125,51.625,0.6894,Magerbeton
12.375,51.625,0.6928,Magerbeton
12.625,51.625,0.6961,Magerbeton
9.125,51.875,1.3944,Substratum_fishpass
9.375,51.875,1.3944,Substratum_fishpass
9.625,51.875,1.3934,Substratum_fishpass
9.875,51.875,1.3919,Substratum_fishpass
10.125,51.875,1.3909,Substratum_fishpass
10.375,51.875,1.4169,Stahlbeton_refinement
10.625,51.875,0.1426,Magerbeton_refinement
10.875,51.875,0.1429,Magerbeton_refinement
11.125,51.875,0.6740,Magerbeton
11.375,51.875,0.6777,Magerbeton
11.625,51.875,0.6812,Magerbeton
11.875,51.875,0.6846,Magerbeton
12.125,51.875,0.6881,Magerbeton
12.375,51.875,0.6915,Magerbeton
12.625,51.875,0.6948,Magerbeton
12.875,51.875,0.6983,Magerbeton
9.125,52.125,1.3853,Substratum_fishpass
9.375,52.125,1.3716,Substratum_fishpass
9.625,52.125,1.3728,Substratum_fishpass
9.875,52.125,1.3718,Substratum_fishpass
10.125,52.125,1.3693,Substratum_fishpass
10.375,52.125,1.3691,Substratum_fishpass
10.625,52.125,0.1440,Magerbeton_refinement
10.875,52.125,0.1442,Magerbeton_refinement
11.125,52.125,0.6725,Magerbeton
11.375,52.125,0.6763,Magerbeton
11.625,52.125,0.6798,Magerbeton
11.875,52.125,0.6833,Magerbeton
12.125,52.125,0.6867,Magerbeton
12.375,52.125,0.6902,Magerbeton
12.625,52.125,0.6936,Magerbeton
12.875,52.125,0.6970,Magerbeton
9.125,52.375,1.3547,Substratum_fishpass
9.375,52.375,1.3537,Substratum_fishpass
9.625,52.375,1.3526,Substratum_fishpass
9.875,52.375,1.3514,Substratum_fishpass
10.125,52.375,1.3502,Substratum_fishpass
10.375,52.375,1.3483,Substratum_fishpass
10.625,52.375,0.1453,Magerbeton_refinement
10.875,52.375,0.1454,Magerbeton_refinement
11.125,52.375,0.1703,Magerbeton
11.375,52.375,0.6749,Magerbeton
11.625,52.375,0.6784,Magerbeton
11.875,52.375,0.6819,Magerbeton
12.125,52.375,0.6854,Magerbeton
12.375,52.375,0.6888,Magerbeton
12.625,52.375,0.6923,Magerbeton
12.875,52.375,0.6957,Magerbeton
9.125,52.625,1.3514,Substratum_fishpass
9.375,52.625,1.3337,Substratum_fishpass
9.625,52.625,1.3327,Substratum_fishpass
9.875,52.625,1.3315,Substratum_fishpass
10.125,52.625,1.3302,Substratum_fishpass
10.375,52.625,1.3278,Substratum_fishpass
10.625,52.625,0.1708,Stahlbeton_refinement
10.875,52.625,0.1467,Magerbeton_refinement
11.125,52.625,0.1470,Magerbeton_refinement
11.375,52.625,0.6734,Magerbeton
11.625,52.625,0.6771,Magerbeton
11.875,52.625,0.6806,Magerbeton
12.125,52.625,0.6841,Magerbeton
12.375,52.625,0.6875,Magerbeton
12.625,52.625,0.6910,Magerbeton
12.875,52.625,0.6944,Magerbeton
13.125,52.625,0.7212,Stahlbeton_right
9.375,52.875,1.3135,Substratum_fishpass
9.625,52.875,1.3123,Substratum_fishpass
9.875,52.875,1.3107,Substratum_fishpass
10.125,52.875,1.3098,Substratum_fishpass
10.375,52.875,1.3073,Substratum_fishpass
10.625,52.875,1.3069,Substratum_fishpass
10.875,52.875,0.1480,Magerbeton_refinement
11.125,52.875,0.1482,Magerbeton_refinement
11.375,52.875,0.6720,Magerbeton
11.625,52.875,0.6757,Magerbeton
11.875,52.875,0.6792,Magerbeton
12.125,52.875,0.6827,Magerbeton
12.375,52.875,0.6862,Magerbeton
12.625,52.875,0.6896,Magerbeton
12.875,52.875,0.6931,Magerbeton
13.125,52.875,0.6966,Magerbeton
9.375,53.125,1.2936,Substratum_fishpass
9.625,53.125,1.2924,Substratum_fishpass
9.875,53.125,1.2920,Substratum_fishpass
10.125,53.125,1.2885,Substratum_fishpass
10.375,53.125,1.2889,Substratum_fishpass
10.625,53.125,1.2912,Substratum_fishpass
10.875,53.125,0.1493,Magerbeton_refinement
11.125,53.125,0.1495,Magerbeton_refinement
11.375,53.125,0.6705,Magerbeton
11.625,53.125,0.6742,Magerbeton
11.875,53.125,0.6778,Magerbeton
12.125,53.125,0.6814,Magerbeton
12.375,53.125,0.6849,Magerbeton
12.625,53.125,0.6883,Magerbeton
12.875,53.125,0.6918,Magerbeton
13.125,53.125,0.6953,Magerbeton
9.375,53.375,1.2816,Substratum_fishpass
9.625,53.375,1.2720,Substratum_fishpass
9.875,53.375,1.2706,Substratum_fishpass
10.125,53.375,1.2703,Substratum_fishpass
10.375,53.375,1.2684,Substratum_fishpass
10.625,53.375,1.2665,Substratum_fishpass
10.875,53.375,0.1507,Magerbeton_refinement
11.125,53.375,0.1508,Magerbeton_refinement
11.375,53.375,0.1518,Magerbeton_refinement
11.625,53.375,0.6729,Magerbeton
11.875,53.375,0.6765,Magerbeton
12.125,53.375,0.6800,Magerbeton
12.375,53.375,0.6835,Magerbeton
12.625,53.375,0.6870,Magerbeton
12.875,53.375,0.6905,Magerbeton
13.125,53.375,0.6939,Magerbeton
9.375,53.625,1.2761,Stahlbeton_refinement
9.625,53.625,1.2521,Substratum_fishpass
9.875,53.625,1.2504,Substratum_fishpass
10.125,53.625,1.2497,Substratum_fishpass
10.375,53.625,1.2483,Substratum_fishpass
10.625,53.625,1.2457,Substratum_fishpass
10.875,53.625,2.8450,Stahlbeton_refinement
11.125,53.625,0.1521,Magerbeton_refinement
11.375,53.625,0.1523,Magerbeton_refinement
11.625,53.625,0.6714,Magerbeton
11.875,53.625,0.6752,Magerbeton
12.125,53.625,0.6786,Magerbeton
12.375,53.625,0.6822,Magerbeton
12.625,53.625,0.6857,Magerbeton
12.875,53.625,0.6891,Magerbeton
13.125,53.625,0.6926,Magerbeton
13.375,53.625,0.6960,Magerbeton
9.625,53.875,1.2326,Substratum_fishpass
9.875,53.875,1.2296,Substratum_fishpass
10.125,53.875,1.2300,Substratum_fishpass
10.375,53.875,1.2288,Substratum_fishpass
10.625,53.875,1.2255,Substratum_fishpass
10.875,53.875,1.2248,Substratum_fishpass
11.125,53.875,0.1533,Magerbeton_refinement
11.375,53.875,0.1536,Magerbeton_refinement
11.625,53.875,0.6699,Magerbeton
11.875,53.875,0.6736,Magerbeton
12.125,53.875,0.6772,Magerbeton
12.375,53.875,0.6808,Magerbeton
12.625,53.875,0.6843,Magerbeton
12.875,53.875,0.6878,Magerbeton
13.125,53.875,0.6913,Magerbeton
13.375,53.875,0.6948,Magerbeton
9.625,54.125,1.2123,Substratum_fishpass
9.875,54.125,1.2112,Substratum_fishpass
10.125,54.125,1.2096,Substratum_fishpass
10.375,54.125,1.2080,Substratum_fishpass
10.625,54.125,1.2065,Substratum_fishpass
10.875,54.125,1.2054,Substratum_fishpass
11.125,54.125,0.1548,Magerbeton_refinement
11.375,54.125,0.1549,Magerbeton_refinement
11.625,54.125,0.1776,Magerbeton
11.875,54.125,0.6723,Magerbeton
12.125,54.125,0.6759,Magerbeton
12.375,54.125,0.6794,Magerbeton
12.625,54.125,0.6830,Magerbeton
12.875,54.125,0.6865,Magerbeton
13.125,54.125,0.6900,Magerbeton
13.375,54.125,0.6935,Magerbeton
9.625,54.375,1.2054,Substratum_fishpass
9.875,54.375,1.1915,Substratum_fishpass
10.125,54.375,1.1898,Substratum_fishpass
10.375,54.375,1.1883,Substratum_fishpass
10.625,54.375,1.1866,Substratum_fishpass
10.875,54.375,1.1854,Substratum_fishpass
11.125,54.375,0.1561,Magerbeton_refinement
11.375,54.375,0.1561,Magerbeton_refinement
11.625,54.375,0.1567,Magerbeton_refinement
11.875,54.375,0.6708,Magerbeton
12.125,54.375,0.6743,Magerbeton
12.375,54.375,0.6780,Magerbeton
12.625,54.375,0.6816,Magerbeton
12.875,54.375,0.6851,Magerbeton
13.125,54.375,0.6886,Magerbeton
13.375,54.375,0.6921,Magerbeton
9.875,54.625,1.1707,Substratum_fishpass
10.125,54.625,1.1688,Substratum_fishpass
10.375,54.625,1.1670,Substratum_fishpass
10.625,54.625,1.1653,Substratum_fishpass
10.875,54.625,1.1629,Substratum_fishpass
11.125,54.625,1.1626,Substratum_fishpass
11.375,54.625,0.1575,Magerbeton_refinement
11.625,54.625,0.1576,Magerbeton_refinement
11.875,54.625,0.6694,Magerbeton
12.125,54.625,0.6731,Magerbeton
12.375,54.625,0.6767,Magerbeton
12.625,54.625,0.6802,Magerbeton
12.875,54.625,0.6838,Magerbeton
13.125,54.625,0.6873,Magerbeton
13.375,54.625,0.6908,Magerbeton
13.625,54.625,0.6944,Magerbeton
9.875,54.875,1.1516,Substratum_fishpass
10.125,54.875,1.1488,Substratum_fishpass
10.375,54.875,1.1485,Substratum_fishpass
10.625,54.875,1.1529,Stahlbeton_refinement
10.875,54.875,1.1442,Substratum_fishpass
11.125,54.875,1.1441,Substratum_fishpass
11.375,54.875,0.1588,Magerbeton_refinement
11.625,54.875,0.1589,Magerbeton_refinement
11.875,54.875,0.6678,Magerbeton
12.125,54.875,0.6717,Magerbeton
12.375,54.875,0.6749,Magerbeton
12.625,54.875,0.6789,Magerbeton
12.875,54.875,0.6824,Magerbeton
13.125,54.875,0.6860,Magerbeton
13.375,54.875,0.6895,Magerbeton
13.625,54.875,0.6931,Magerbeton
9.875,55.125,1.1355,Substratum_fishpass
10.125,55.125,1.1284,Substratum_fishpass
10.375,55.125,1.1294,Substratum_fishpass
10.625,55.125,1.1274,Substratum_fishpass
10.875,55.125,1.1246,Substratum_fishpass
11.125,55.125,1.1226,Substratum_fishpass
11.375,55.125,0.1601,Magerbeton_refinement
11.625,55.125,0.1602,Magerbeton_refinement
11.875,55.125,0.1615,Magerbeton_refinement
12.125,55.125,0.6702,Magerbeton
12.375,55.125,0.6738,Magerbeton
12.625,55.125,0.6775,Magerbeton
12.875,55.125,0.6811,Magerbeton
13.125,55.125,0.6846,Magerbeton
13.375,55.125,0.6882,Magerbeton
13.625,55.125,0.6917,Magerbeton
9.875,55.375,1.1628,Stahlbeton_refinement
10.125,55.375,1.1099,Substratum_fishpass
10.375,55.375,1.1085,Substratum_fishpass
10.625,55.375,1.1066,Substratum_fishpass
10.875,55.375,1.1046,Substratum_fishpass
11.125,55.375,1.1019,Substratum_fishpass
11.375,55.375,0.1815,Stahlbeton_refinement
11.625,55.375,0.1615,Magerbeton_refinement
11.875,55.375,0.1617,Magerbeton_refinement
12.125,55.375,0.6688,Magerbeton
12.375,55.375,0.6725,Magerbeton
12.625,55.375,0.6761,Magerbeton
12.875,55.375,0.6797,Magerbeton
13.125,55.375,0.6833,Magerbeton
13.375,55.375,0.6868,Magerbeton
13.625,55.375,0.6903,Magerbeton
13.875,55.375,0.7181,Stahlbeton_right
10.125,55.625,1.0904,Substratum_fishpass
10.375,55.625,1.0886,Substratum_fishpass
10.625,55.625,1.0867,Substratum_fishpass
10.875,55.625,1.0848,Substratum_fishpass
11.125,55.625,1.0816,Substratum_fishpass
11.375,55.625,1.0813,Substratum_fishpass
11.625,55.625,0.1628,Magerbeton_refinement
11.875,55.625,0.1630,Magerbeton_refinement
12.125,55.625,0.6673,Magerbeton
12.375,55.625,0.6711,Magerbeton
12.625,55.625,0.6745,Magerbeton
12.875,55.625,0.6783,Magerbeton
13.125,55.625,0.6819,Magerbeton
13.375,55.625,0.6855,Magerbeton
13.625,55.625,0.6890,Magerbeton
13.875,55.625,0.6928,Magerbeton
10.125,55.875,1.0688,Substratum_fishpass
10.375,55.875,1.0684,Substratum_fishpass
10.625,55.875,1.0667,Substratum_fishpass
10.875,55.875,1.0648,Substratum_fishpass
11.125,55.875,1.0623,Substratum_fishpass
11.375,55.875,1.0601,Substratum_fishpass
11.625,55.875,0.1641,Magerbeton_refinement
11.875,55.875,0.1643,Magerbeton_refinement
12.125,55.875,0.6659,Magerbeton
12.375,55.875,0.6696,Magerbeton
12.625,55.875,0.6733,Magerbeton
12.875,55.875,0.6769,Magerbeton
13.125,55.875,0.6805,Magerbeton
13.375,55.875,0.6841,Magerbeton
13.625,55.875,0.6877,Magerbeton
13.875,55.875,0.6913,Magerbeton
10.125,56.125,1.0540,Substratum_fishpass
10.375,56.125,1.0485,Substratum_fishpass
10.625,56.125,1.0467,Substratum_fishpass
10.875,56.125,1.0438,Substratum_fishpass
11.125,56.125,1.0428,Substratum_fishpass
11.375,56.125,1.0406,Substratum_fishpass
11.625,56.125,0.1655,Magerbeton_refinement
11.875,56.125,0.1656,Magerbeton_refinement
12.125,56.125,0.1663,Magerbeton_refinement
12.375,56.125,0.6682,Magerbeton
12.625,56.125,0.6719,Magerbeton
12.875,56.125,0.6756,Magerbeton
13.125,56.125,0.6792,Magerbeton
13.375,56.125,0.6827,Magerbeton
13.625,56.125,0.6863,Magerbeton
13.875,56.125,0.6899,Magerbeton
10.375,56.375,1.0293,Substratum_fishpass
10.625,56.375,1.0275,Substratum_fishpass
10.875,56.375,1.0257,Substratum_fishpass
11.125,56.375,1.0261,Substratum_fishpass
11.375,56.375,1.0281,Substratum_fishpass
11.625,56.375,1.7239,Stahlbeton_refinement
11.875,56.375,0.1669,Magerbeton_refinement
12.125,56.375,0.1670,Magerbeton_refinement
12.375,56.375,0.6667,Magerbeton
12.625,56.375,0.6705,Magerbeton
12.875,56.375,0.6741,Magerbeton
13.125,56.375,0.6778,Magerbeton
13.375,56.375,0.6814,Magerbeton
13.625,56.375,0.6850,Magerbeton
13.875,56.375,0.6886,Magerbeton
14.125,56.375,0.6921,Magerbeton
10.375,56.625,1.0084,Substratum_fishpass
10.625,56.625,1.0068,Substratum_fishpass
10.875,56.625,1.0060,Substratum_fishpass
11.125,56.625,1.0036,Substratum_fishpass
11.375,56.625,0.9998,Substratum_fishpass
11.625,56.625,0.9992,Substratum_fishpass
11.875,56.625,0.1682,Magerbeton_refinement
12.125,56.625,0.1683,Magerbeton_refinement
12.375,56.625,0.6652,Magerbeton
12.625,56.625,0.6690,Magerbeton
12.875,56.625,0.6727,Magerbeton
13.125,56.625,0.6764,Magerbeton
13.375,56.625,0.6800,Magerbeton
13.625,56.625,0.6836,Magerbeton
13.875,56.625,0.6872,Magerbeton
14.125,56.625,0.6909,Magerbeton
10.375,56.875,0.9953,Substratum_fishpass
10.625,56.875,0.9916,Substratum_fishpass
10.875,56.875,0.9856,Substratum_fishpass
11.125,56.875,0.9833,Substratum_fishpass
11.375,56.875,0.9798,Substratum_fishpass
11.625,56.875,0.9785,Substratum_fishpass
11.875,56.875,0.1698,Magerbeton_refinement
12.125,56.875,0.1697,Magerbeton_refinement
12.375,56.875,0.1837,Magerbeton
12.625,56.875,0.6676,Magerbeton
12.875,56.875,0.6713,Magerbeton
13.125,56.875,0.6749,Magerbeton
13.375,56.875,0.6786,Magerbeton
13.625,56.875,0.6822,Magerbeton
13.875,56.875,0.6859,Magerbeton
14.125,56.875,0.6895,Magerbeton
10.375,57.125,1.0132,Stahlbeton_refinement
10.625,57.125,0.9673,Substratum_fishpass
10.875,57.125,0.9655,Substratum_fishpass
11.125,57.125,0.9633,Substratum_fishpass
11.375,57.125,0.9611,Substratum_fishpass
11.625,57.125,0.9577,Substratum_fishpass
11.875,57.125,0.1709,Magerbeton_refinement
12.125,57.125,0.1710,Magerbeton_refinement
12.375,57.125,0.1712,Magerbeton_refinement
12.625,57.125,0.6662,Magerbeton
12.875,57.125,0.6699,Magerbeton
13.125,57.125,0.6735,Magerbeton
13.375,57.125,0.6772,Magerbeton
13.625,57.125,0.6809,Magerbeton
13.875,57.125,0.6845,Magerbeton
14.125,57.125,0.6881,Magerbeton
14.375,57.125,0.7163,Stahlbeton_right
10.625,57.375,0.9471,Substratum_fishpass
10.875,57.375,0.9460,Substratum_fishpass
11.125,57.375,0.9438,Substratum_fishpass
11.375,57.375,0.9414,Substratum_fishpass
11.625,57.375,0.9397,Substratum_fishpass
11.875,57.375,0.9423,Substratum_fishpass
12.125,57.375,0.1723,Magerbeton_refinement
12.375,57.375,0.1726,Magerbeton_refinement
12.625,57.375,0.6647,Magerbeton
12.875,57.375,0.6685,Magerbeton
13.125,57.375,0.6721,Magerbeton
13.375,57.375,0.6759,Magerbeton
13.625,57.375,0.6795,Magerbeton
13.875,57.375,0.6831,Magerbeton
14.125,57.375,0.6868,Magerbeton
14.375,57.375,0.6906,Magerbeton
10.625,57.625,0.9276,Substratum_fishpass
10.875,57.625,0.9270,Substratum_fishpass
11.125,57.625,0.9229,Substratum_fishpass
11.375,57.625,0.9221,Substratum_fishpass
11.625,57.625,0.9164,Substratum_fishpass
11.875,57.625,0.9170,Substratum_fishpass
12.125,57.625,0.1738,Magerbeton_refinement
12.375,57.625,0.1737,Magerbeton_refinement
12.625,57.625,0.6630,Magerbeton
12.875,57.625,0.6670,Magerbeton
13.125,57.625,0.6707,Magerbeton
13.375,57.625,0.6745,Magerbeton
13.625,57.625,0.6781,Magerbeton
13.875,57.625,0.6818,Magerbeton
14.125,57.625,0.6854,Magerbeton
14.375,57.625,0.6892,Magerbeton
10.625,57.875,0.9133,Substratum_fishpass
10.875,57.875,0.9064,Substratum_fishpass
11.125,57.875,0.9048,Substratum_fishpass
11.375,57.875,0.9011,Substratum_fishpass
11.625,57.875,0.8989,Substratum_fishpass
11.875,57.875,0.8992,Substratum_fishpass
12.125,57.875,0.1749,Magerbeton_refinement
12.375,57.875,0.1750,Magerbeton_refinement
12.625,57.875,0.1762,Magerbeton_refinement
12.875,57.875,0.6656,Magerbeton
13.125,57.875,0.6693,Magerbeton
13.375,57.875,0.6730,Magerbeton
13.625,57.875,0.6767,Magerbeton
13.875,57.875,0.6804,Magerbeton
14.125,57.875,0.6840,Magerbeton
14.375,57.875,0.6877,Magerbeton
10.625,58.125,0.9264,Stahlbeton_refinement
10.875,58.125,0.8869,Substratum_fishpass
11.125,58.125,0.8857,Substratum_fishpass
11.375,58.125,0.8957,Substratum_fishpass
11.625,58.125,0.8793,Substratum_fishpass
11.875,58.125,0.8756,Substratum_fishpass
12.125,58.125,0.2056,Stahlbeton_refinement
12.375,58.125,0.1763,Magerbeton_refinement
12.625,58.125,0.1765,Magerbeton_refinement
12.875,58.125,0.6641,Magerbeton
13.125,58.125,0.6679,Magerbeton
13.375,58.125,0.6716,Magerbeton
13.625,58.125,0.6754,Magerbeton
13.875,58.125,0.6790,Magerbeton
14.125,58.125,0.6827,Magerbeton
14.375,58.125,0.6863,Magerbeton
14.625,58.125,0.7154,Stahlbeton_right
10.875,58.375,0.8675,Substratum_fishpass
11.125,58.375,0.8648,Substratum_fishpass
11.375,58.375,0.8622,Substratum_fishpass
11.625,58.375,0.8596,Substratum_fishpass
11.875,58.375,0.8559,Substratum_fishpass
12.125,58.375,0.8555,Substratum_fishpass
12.375,58.375,0.1777,Magerbeton_refinement
12.625,58.375,0.1777,Magerbeton_refinement
12.875,58.375,0.6626,Magerbeton
13.125,58.375,0.6664,Magerbeton
13.375,58.375,0.6702,Magerbeton
13.625,58.375,0.6738,Magerbeton
13.875,58.375,0.6776,Magerbeton
14.125,58.375,0.6813,Magerbeton
14.375,58.375,0.6850,Magerbeton
14.625,58.375,0.6887,Magerbeton
10.875,58.625,0.8466,Substratum_fishpass
11.125,58.625,0.8452,Substratum_fishpass
11.375,58.625,0.8426,Substratum_fishpass
11.625,58.625,0.8401,Substratum_fishpass
11.875,58.625,0.8375,Substratum_fishpass
12.125,58.625,0.8366,Substratum_fishpass
12.375,58.625,0.1790,Magerbeton_refinement
12.625,58.625,0.1791,Magerbeton_refinement
12.875,58.625,0.6612,Magerbeton
13.125,58.625,0.6650,Magerbeton
13.375,58.625,0.6687,Magerbeton
13.625,58.625,0.6725,Magerbeton
13.875,58.625,0.6762,Magerbeton
14.125,58.625,0.6799,Magerbeton
14.375,58.625,0.6836,Magerbeton
14.625,58.625,0.6873,Magerbeton
10.875,58.875,0.8330,Substratum_fishpass
11.125,58.875,0.8263,Substratum_fishpass
11.375,58.875,0.8232,Substratum_fishpass
11.625,58.875,0.8199,Substratum_fishpass
11.875,58.875,0.8173,Substratum_fishpass
12.125,58.875,0.8157,Substratum_fishpass
12.375,58.875,0.1804,Magerbeton_refinement
12.625,58.875,0.1804,Magerbeton_refinement
12.875,58.875,0.1810,Magerbeton_refinement
13.125,58.875,0.6635,Magerbeton
13.375,58.875,0.6673,Magerbeton
13.625,58.875,0.6710,Magerbeton
13.875,58.875,0.6748,Magerbeton
14.125,58.875,0.6785,Magerbeton
14.375,58.875,0.6822,Magerbeton
14.625,58.875,0.6859,Magerbeton
11.125,59.125,0.8059,Substratum_fishpass
11.375,59.125,0.8032,Substratum_fishpass
11.625,59.125,0.8005,Substratum_fishpass
11.875,59.125,0.7978,Substratum_fishpass
12.125,59.125,0.7940,Substratum_fishpass
12.375,59.125,0.7936,Substratum_fishpass
12.625,59.125,0.1817,Magerbeton_refinement
12.875,59.125,0.1818,Magerbeton_refinement
13.125,59.125,0.6621,Magerbeton
13.375,59.125,0.6659,Magerbeton
13.625,59.125,0.6696,Magerbeton
13.875,59.125,0.6733,Magerbeton
14.125,59.125,0.6771,Magerbeton
14.375,59.125,0.6808,Magerbeton
14.625,59.125,0.6845,Magerbeton
14.875,59.125,0.6883,Magerbeton
11.125,59.375,0.7863,Substratum_fishpass
11.375,59.375,0.7836,Substratum_fishpass
11.625,59.375,0.7828,Substratum_fishpass
11.875,59.375,0.7788,Substratum_fishpass
12.125,59.375,0.7739,Substratum_fishpass
12.375,59.375,0.7733,Substratum_fishpass
12.625,59.375,0.1831,Magerbeton_refinement
12.875,59.375,0.1831,Magerbeton_refinement
13.125,59.375,0.6606,Magerbeton
13.375,59.375,0.6644,Magerbeton
13.625,59.375,0.6682,Magerbeton
13.875,59.375,0.6719,Magerbeton
14.125,59.375,0.6757,Magerbeton
14.375,59.375,0.6794,Magerbeton
14.625,59.375,0.6831,Magerbeton
14.875,59.375,0.6870,Magerbeton
11.125,59.625,0.7656,Substratum_fishpass
11.375,59.625,0.7633,Substratum_fishpass
11.625,59.625,0.7621,Substratum_fishpass
11.875,59.625,0.7651,Substratum_fishpass
12.125,59.625,0.7542,Substratum_fishpass
12.375,59.625,0.7529,Substratum_fishpass
12.625,59.625,0.1844,Magerbeton_refinement
12.875,59.625,0.1844,Magerbeton_refinement
13.125,59.625,0.2120,Magerbeton
13.375,59.625,0.6630,Magerbeton
13.625,59.625,0.6667,Magerbeton
13.875,59.625,0.6705,Magerbeton
14.125,59.625,0.6744,Magerbeton
14.375,59.625,0.6780,Magerbeton
14.625,59.625,0.6817,Magerbeton
14.875,59.625,0.6855,Magerbeton
11.125,59.875,0.7599,Substratum_fishpass
11.375,59.875,0.7441,Substratum_fishpass
11.625,59.875,0.7420,Substratum_fishpass
11.875,59.875,0.7390,Substratum_fishpass
12.125,59.875,0.7359,Substratum_fishpass
12.375,59.875,0.7319,Substratum_fishpass
12.625,59.875,0.2122,Stahlbeton_refinement
12.875,59.875,0.1858,Magerbeton_refinement
13.125,59.875,0.1859,Magerbeton_refinement
13.375,59.875,0.6615,Magerbeton
13.625,59.875,0.6653,Magerbeton
13.875,59.875,0.6691,Magerbeton
14.125,59.875,0.6728,Magerbeton
14.375,59.875,0.6766,Magerbeton
14.625,59.875,0.6804,Magerbeton
14.875,59.875,0.6841,Magerbeton
15.125,59.875,0.7136,Stahlbeton_right
11.375,60.125,0.7247,Substratum_fishpass
11.625,60.125,0.7224,Substratum_fishpass
11.875,60.125,0.7189,Substratum_fishpass
12.125,60.125,0.7162,Substratum_fishpass
12.375,60.125,0.7121,Substratum_fishpass
12.625,60.125,0.7112,Substratum_fishpass
12.875,60.125,0.1871,Magerbeton_refinement
13.125,60.125,0.1872,Magerbeton_refinement
13.375,60.125,0.6600,Magerbeton
13.625,60.125,0.6639,Magerbeton
13.875,60.125,0.6676,Magerbeton
14.125,60.125,0.6714,Magerbeton
14.375,60.125,0.6753,Magerbeton
14.625,60.125,0.6789,Magerbeton
14.875,60.125,0.6827,Magerbeton
15.125,60.125,0.6868,Magerbeton
11.375,60.375,0.7055,Substratum_fishpass
11.625,60.375,0.7026,Substratum_fishpass
11.875,60.375,0.6996,Substratum_fishpass
12.125,60.375,0.6966,Substratum_fishpass
12.375,60.375,0.6924,Substratum_fishpass
12.625,60.375,0.6913,Substratum_fishpass
12.875,60.375,0.1884,Magerbeton_refinement
13.125,60.375,0.1885,Magerbeton_refinement
13.375,60.375,0.6584,Magerbeton
13.625,60.375,0.6624,Magerbeton
13.875,60.375,0.6662,Magerbeton
14.125,60.375,0.6700,Magerbeton
14.375,60.375,0.6737,Magerbeton
14.625,60.375,0.6775,Magerbeton
14.875,60.375,0.6813,Magerbeton
15.125,60.375,0.6852,Magerbeton
11.375,60.625,0.6936,Substratum_fishpass
11.625,60.625,0.6831,Substratum_fishpass
11.875,60.625,0.6802,Substratum_fishpass
12.125,60.625,0.6776,Substratum_fishpass
12.375,60.625,0.6728,Substratum_fishpass
12.625,60.625,0.6702,Substratum_fishpass
12.875,60.625,0.1898,Magerbeton_refinement
13.125,60.625,0.1898,Magerbeton_refinement
13.375,60.625,0.1907,Magerbeton_refinement
13.625,60.625,0.6609,Magerbeton
13.875,60.625,0.6647,Magerbeton
14.125,60.625,0.6685,Magerbeton
14.375,60.625,0.6723,Magerbeton
14.625,60.625,0.6762,Magerbeton
14.875,60.625,0.6799,Magerbeton
15.125,60.625,0.6837,Magerbeton
11.375,60.875,0.7095,Stahlbeton_refinement
11.625,60.875,0.6634,Substratum_fishpass
11.875,60.875,0.6603,Substratum_fishpass
12.125,60.875,0.6570,Substratum_fishpass
12.375,60.875,0.6542,Substratum_fishpass
12.625,60.875,0.6510,Substratum_fishpass
12.875,60.875,2.8450,Stahlbeton_refinement
13.125,60.875,0.1911,Magerbeton_refinement
13.375,60.875,0.1912,Magerbeton_refinement
13.625,60.875,0.6594,Magerbeton
13.875,60.875,0.6633,Magerbeton
14.125,60.875,0.6671,Magerbeton
14.375,60.875,0.6709,Magerbeton
14.625,60.875,0.6745,Magerbeton
14.875,60.875,0.6785,Magerbeton
15.125,60.875,0.6823,Magerbeton
15.375,60.875,0.6858,Magerbeton
11.625,61.125,0.6440,Substratum_fishpass
11.875,61.125,0.6408,Substratum_fishpass
12.125,61.125,0.6400,Substratum_fishpass
12.375,61.125,0.6358,Substratum_fishpass
12.625,61.125,0.6370,Substratum_fishpass
12.875,61.125,0.6397,Substratum_fishpass
13.125,61.125,0.1925,Magerbeton_refinement
13.375,61.125,0.1925,Magerbeton_refinement
13.625,61.125,0.6579,Magerbeton
13.875,61.125,0.6618,Magerbeton
14.125,61.125,0.6656,Magerbeton
14.375,61.125,0.6695,Magerbeton
14.625,61.125,0.6733,Magerbeton
14.875,61.125,0.6771,Magerbeton
15.125,61.125,0.6809,Magerbeton
15.375,61.125,0.6849,Magerbeton
11.625,61.375,0.6241,Substratum_fishpass
11.875,61.375,0.6216,Substratum_fishpass
12.125,61.375,0.6183,Substratum_fishpass
12.375,61.375,0.6155,Substratum_fishpass
12.625,61.375,0.6123,Substratum_fishpass
12.875,61.375,0.6093,Substratum_fishpass
13.125,61.375,0.1938,Magerbeton_refinement
13.375,61.375,0.1939,Magerbeton_refinement
13.625,61.375,0.2192,Magerbeton
13.875,61.375,0.6604,Magerbeton
14.125,61.375,0.6642,Magerbeton
14.375,61.375,0.6680,Magerbeton
14.625,61.375,0.6718,Magerbeton
14.875,61.375,0.6757,Magerbeton
15.125,61.375,0.6795,Magerbeton
15.375,61.375,0.6834,Magerbeton
11.625,61.625,0.6173,Substratum_fishpass
11.875,61.625,0.6087,Substratum_fishpass
12.125,61.625,0.5990,Substratum_fishpass
12.375,61.625,0.5957,Substratum_fishpass
12.625,61.625,0.5923,Substratum_fishpass
12.875,61.625,0.5873,Substratum_fishpass
13.125,61.625,0.1952,Magerbeton_refinement
13.375,61.625,0.1952,Magerbeton_refinement
13.625,61.625,0.1956,Magerbeton_refinement
13.875,61.625,0.6589,Magerbeton
14.125,61.625,0.6627,Magerbeton
14.375,61.625,0.6666,Magerbeton
14.625,61.625,0.6704,Magerbeton
14.875,61.625,0.6742,Magerbeton
15.125,61.625,0.6780,Magerbeton
15.375,61.625,0.6819,Magerbeton
15.625,61.625,1.0552,Stahlbeton_right
11.875,61.875,0.5816,Substratum_fishpass
12.125,61.875,0.5796,Substratum_fishpass
12.375,61.875,0.5768,Substratum_fishpass
12.625,61.875,0.5729,Substratum_fishpass
12.875,61.875,0.5682,Substratum_fishpass
13.125,61.875,0.5681,Substratum_fishpass
13.375,61.875,0.1965,Magerbeton_refinement
13.625,61.875,0.1966,Magerbeton_refinement
13.875,61.875,0.6574,Magerbeton
14.125,61.875,0.6613,Magerbeton
14.375,61.875,0.6651,Magerbeton
14.625,61.875,0.6689,Magerbeton
14.875,61.875,0.6728,Magerbeton
15.125,61.875,0.6766,Magerbeton
15.375,61.875,0.6805,Magerbeton
15.625,61.875,0.6845,Magerbeton
11.875,62.125,0.5632,Substratum_fishpass
12.125,62.125,0.5598,Substratum_fishpass
12.375,62.125,0.5565,Substratum_fishpass
12.625,62.125,0.5532,Substratum_fishpass
12.875,62.125,0.5498,Substratum_fishpass
13.125,62.125,0.5486,Substratum_fishpass
13.375,62.125,0.1979,Magerbeton_refinement
13.625,62.125,0.1979,Magerbeton_refinement
13.875,62.125,0.6558,Magerbeton
14.125,62.125,0.6598,Magerbeton
14.375,62.125,0.6636,Magerbeton
14.625,62.125,0.6675,Magerbeton
14.875,62.125,0.6713,Magerbeton
15.125,62.125,0.6753,Magerbeton
15.375,62.125,0.6790,Magerbeton
15.625,62.125,0.6831,Magerbeton
11.875,62.375,0.5423,Substratum_fishpass
12.125,62.375,0.5407,Substratum_fishpass
12.375,62.375,0.5367,Substratum_fishpass
12.625,62.375,0.5337,Substratum_fishpass
12.875,62.375,0.5304,Substratum_fishpass
13.125,62.375,0.5288,Substratum_fishpass
13.375,62.375,0.1992,Magerbeton_refinement
13.625,62.375,0.1992,Magerbeton_refinement
13.875,62.375,0.2004,Magerbeton_refinement
14.125,62.375,0.6583,Magerbeton
14.375,62.375,0.6622,Magerbeton
14.625,62.375,0.6660,Magerbeton
14.875,62.375,0.6699,Magerbeton
15.125,62.375,0.6737,Magerbeton
15.375,62.375,0.6776,Magerbeton
15.625,62.375,0.6816,Magerbeton
11.875,62.625,0.5404,Substratum_fishpass
12.125,62.625,0.5212,Substratum_fishpass
12.375,62.625,0.5174,Substratum_fishpass
12.625,62.625,0.5146,Substratum_fishpass
12.875,62.625,0.5100,Substratum_fishpass
13.125,62.625,0.5074,Substratum_fishpass
13.375,62.625,0.2231,Stahlbeton_refinement
13.625,62.625,0.2006,Magerbeton_refinement
13.875,62.625,0.2006,Magerbeton_refinement
14.125,62.625,0.6568,Magerbeton
14.375,62.625,0.6607,Magerbeton
14.625,62.625,0.6646,Magerbeton
14.875,62.625,0.6684,Magerbeton
15.125,62.625,0.6723,Magerbeton
15.375,62.625,0.6762,Magerbeton
15.625,62.625,0.6801,Magerbeton
15.875,62.625,0.7109,Stahlbeton_right
12.125,62.875,0.5018,Substratum_fishpass
12.375,62.875,0.4991,Substratum_fishpass
12.625,62.875,0.5056,Substratum_fishpass
12.875,62.875,0.4916,Substratum_fishpass
13.125,62.875,0.4883,Substratum_fishpass
13.375,62.875,0.4873,Substratum_fishpass
13.625,62.875,0.2019,Magerbeton_refinement
13.875,62.875,0.2019,Magerbeton_refinement
14.125,62.875,0.6553,Magerbeton
14.375,62.875,0.6592,Magerbeton
14.625,62.875,0.6631,Magerbeton
14.875,62.875,0.6670,Magerbeton
15.125,62.875,0.6709,Magerbeton
15.375,62.875,0.6748,Magerbeton
15.625,62.875,0.6786,Magerbeton
15.875,62.875,0.6830,Magerbeton
12.125,63.125,0.4811,Substratum_fishpass
12.375,63.125,0.4797,Substratum_fishpass
12.625,63.125,0.4764,Substratum_fishpass
12.875,63.125,0.4724,Substratum_fishpass
13.125,63.125,0.4678,Substratum_fishpass
13.375,63.125,0.4667,Substratum_fishpass
13.625,63.125,0.2033,Magerbeton_refinement
13.875,63.125,0.2033,Magerbeton_refinement
14.125,63.125,0.6538,Magerbeton
14.375,63.125,0.6578,Magerbeton
14.625,63.125,0.6616,Magerbeton
14.875,63.125,0.6655,Magerbeton
15.125,63.125,0.6694,Magerbeton
15.375,63.125,0.6733,Magerbeton
15.625,63.125,0.6772,Magerbeton
15.875,63.125,0.6812,Magerbeton
12.125,63.375,0.4792,Substratum_fishpass
12.375,63.375,0.4608,Substratum_fishpass
12.625,63.375,0.4559,Substratum_fishpass
12.875,63.375,0.4522,Substratum_fishpass
13.125,63.375,0.4486,Substratum_fishpass
13.375,63.375,0.4452,Substratum_fishpass
13.625,63.375,0.2046,Magerbeton_refinement
13.875,63.375,0.2046,Magerbeton_refinement
14.125,63.375,0.2052,Magerbeton_refinement
14.375,63.375,0.6563,Magerbeton
14.625,63.375,0.6602,Magerbeton
14.875,63.375,0.6641,Magerbeton
15.125,63.375,0.6680,Magerbeton
15.375,63.375,0.6719,Magerbeton
15.625,63.375,0.6758,Magerbeton
15.875,63.375,0.6797,Magerbeton
12.375,63.625,0.4403,Substratum_fishpass
12.625,63.625,0.4367,Substratum_fishpass
12.875,63.625,0.4330,Substratum_fishpass
13.125,63.625,0.4294,Substratum_fishpass
13.375,63.625,0.4239,Substratum_fishpass
13.625,63.625,0.4564,Stahlbeton_refinement
13.875,63.625,0.2059,Magerbeton_refinement
14.125,63.625,0.2060,Magerbeton_refinement
14.375,63.625,0.6547,Magerbeton
14.625,63.625,0.6587,Magerbeton
14.875,63.625,0.6626,Magerbeton
15.125,63.625,0.6665,Magerbeton
15.375,63.625,0.6704,Magerbeton
15.625,63.625,0.6744,Magerbeton
15.875,63.625,0.6783,Magerbeton
16.125,63.625,0.6821,Magerbeton
12.375,63.875,0.4205,Substratum_fishpass
12.625,63.875,0.4171,Substratum_fishpass
12.875,63.875,0.4134,Substratum_fishpass
13.125,63.875,0.4096,Substratum_fishpass
13.375,63.875,0.4058,Substratum_fishpass
13.625,63.875,0.4038,Substratum_fishpass
13.875,63.875,0.2073,Magerbeton_refinement
14.125,63.875,0.2073,Magerbeton_refinement
14.375,63.875,0.6532,Magerbeton
14.625,63.875,0.6572,Magerbeton
14.875,63.875,0.6611,Magerbeton
15.125,63.875,0.6650,Magerbeton
15.375,63.875,0.6689,Magerbeton
15.625,63.875,0.6729,Magerbeton
15.875,63.875,0.6768,Magerbeton
16.125,63.875,0.6810,Magerbeton
12.375,64.125,0.4017,Substratum_fishpass
12.625,64.125,0.3980,Substratum_fishpass
12.875,64.125,0.3942,Substratum_fishpass
13.125,64.125,0.3900,Substratum_fishpass
13.375,64.125,0.3858,Substratum_fishpass
13.625,64.125,0.3842,Substratum_fishpass
13.875,64.125,0.2086,Magerbeton_refinement
14.125,64.125,0.2087,Magerbeton_refinement
14.375,64.125,0.2301,Magerbeton
14.625,64.125,0.6557,Magerbeton
14.875,64.125,0.6596,Magerbeton
15.125,64.125,0.6635,Magerbeton
15.375,64.125,0.6675,Magerbeton
15.625,64.125,0.6714,Magerbeton
15.875,64.125,0.6755,Magerbeton
16.125,64.125,0.6794,Magerbeton
12.375,64.375,0.3984,Substratum_fishpass
12.625,64.375,0.3790,Substratum_fishpass
12.875,64.375,0.3764,Substratum_fishpass
13.125,64.375,0.3773,Substratum_fishpass
13.375,64.375,0.3755,Substratum_fishpass
13.625,64.375,0.3627,Substratum_fishpass
13.875,64.375,0.2099,Magerbeton_refinement
14.125,64.375,0.2100,Magerbeton_refinement
14.375,64.375,0.2101,Magerbeton_refinement
14.625,64.375,0.6542,Magerbeton
14.875,64.375,0.6582,Magerbeton
15.125,64.375,0.6621,Magerbeton
15.375,64.375,0.6660,Magerbeton
15.625,64.375,0.6699,Magerbeton
15.875,64.375,0.6738,Magerbeton
16.125,64.375,0.6779,Magerbeton
16.375,64.375,0.7094,Stahlbeton_right
12.625,64.625,0.3581,Substratum_fishpass
12.875,64.625,0.3555,Substratum_fishpass
13.125,64.625,0.3521,Substratum_fishpass
13.375,64.625,0.3478,Substratum_fishpass
13.625,64.625,0.3425,Substratum_fishpass
13.875,64.625,0.3422,Substratum_fishpass
14.125,64.625,0.2113,Magerbeton_refinement
14.375,64.625,0.2113,Magerbeton_refinement
14.625,64.625,0.6527,Magerbeton
14.875,64.625,0.6567,Magerbeton
15.125,64.625,0.6606,Magerbeton
15.375,64.625,0.6645,Magerbeton
15.625,64.625,0.6685,Magerbeton
15.875,64.625,0.6724,Magerbeton
16.125,64.625,0.6764,Magerbeton
16.375,64.625,0.6807,Magerbeton
12.625,64.875,0.3496,Substratum_fishpass
12.875,64.875,0.3370,Substratum_fishpass
13.125,64.875,0.3324,Substratum_fishpass
13.375,64.875,0.3286,Substratum_fishpass
13.625,64.875,0.3234,Substratum_fishpass
13.875,64.875,0.3219,Substratum_fishpass
14.125,64.875,0.2127,Magerbeton_refinement
14.375,64.875,0.2127,Magerbeton_refinement
14.625,64.875,0.6509,Magerbeton
14.875,64.875,0.6552,Magerbeton
15.125,64.875,0.6591,Magerbeton
15.375,64.875,0.6631,Magerbeton
15.625,64.875,0.6670,Magerbeton
15.875,64.875,0.6710,Magerbeton
16.125,64.875,0.6749,Magerbeton
16.375,64.875,0.6792,Magerbeton
12.625,65.125,0.3204,Substratum_fishpass
12.875,65.125,0.3169,Substratum_fishpass
13.125,65.125,0.3130,Substratum_fishpass
13.375,65.125,0.3090,Substratum_fishpass
13.625,65.125,0.3048,Substratum_fishpass
13.875,65.125,0.3025,Substratum_fishpass
14.125,65.125,0.2140,Magerbeton_refinement
14.375,65.125,0.2140,Magerbeton_refinement
14.625,65.125,0.2149,Magerbeton_refinement
14.875,65.125,0.6537,Magerbeton
15.125,65.125,0.6577,Magerbeton
15.375,65.125,0.6618,Magerbeton
15.625,65.125,0.6658,Magerbeton
15.875,65.125,0.6697,Magerbeton
16.125,65.125,0.6736,Magerbeton
16.375,65.125,0.6776,Magerbeton
12.625,65.375,0.3234,Stahlbeton_refinement
12.875,65.375,0.2979,Substratum_fishpass
13.125,65.375,0.2939,Substratum_fishpass
13.375,65.375,0.2897,Substratum_fishpass
13.625,65.375,0.2855,Substratum_fishpass
13.875,65.375,0.2824,Substratum_fishpass
14.125,65.375,0.2346,Stahlbeton_refinement
14.375,65.375,0.2154,Magerbeton_refinement
14.625,65.375,0.2153,Magerbeton_refinement
14.875,65.375,0.2163,Magerbeton_refinement
15.125,65.375,0.6564,Magerbeton
15.375,65.375,0.6604,Magerbeton
15.625,65.375,0.6645,Magerbeton
15.875,65.375,0.6684,Magerbeton
16.125,65.375,0.6723,Magerbeton
16.375,65.375,0.6762,Magerbeton
16.625,65.375,0.7086,Stahlbeton_right
12.875,65.625,0.2774,Substratum_fishpass
13.125,65.625,0.2743,Substratum_fishpass
13.375,65.625,0.2695,Substratum_fishpass
13.625,65.625,0.2659,Substratum_fishpass
13.875,65.625,0.2629,Substratum_fishpass
14.125,65.625,0.2617,Substratum_fishpass
14.375,65.625,0.2167,Magerbeton_refinement
14.625,65.625,0.2167,Magerbeton_refinement
14.875,65.625,0.2171,Magerbeton_refinement
15.125,65.625,0.2175,Magerbeton_refinement
15.375,65.625,0.2187,Magerbeton_refinement
15.625,65.625,0.6632,Magerbeton
15.875,65.625,0.2520,Magerbeton
16.125,65.625,0.2209,Substratum_fishpass
16.375,65.625,0.2213,Substratum_fishpass
16.625,65.625,0.2233,Substratum_fishpass
12.875,65.875,0.2581,Substratum_fishpass
13.125,65.875,0.2549,Substratum_fishpass
13.375,65.875,0.2530,Substratum_fishpass
13.625,65.875,0.2468,Substratum_fishpass
13.875,65.875,0.2479,Substratum_fishpass
14.125,65.875,0.2472,Substratum_fishpass
14.375,65.875,0.2181,Magerbeton_refinement
14.625,65.875,0.2181,Magerbeton_refinement
14.875,65.875,0.2185,Magerbeton_refinement
15.125,65.875,0.2188,Magerbeton_refinement
15.375,65.875,0.2192,Magerbeton_refinement
15.625,65.875,0.2200,Magerbeton_refinement
15.875,65.875,0.2216,Substratum_fishpass
16.125,65.875,0.2246,Substratum_fishpass
16.375,65.875,0.2301,Substratum_fishpass
16.625,65.875,0.2370,Substratum_fishpass
12.875,66.125,0.2503,Substratum_fishpass
13.125,66.125,0.2340,Substratum_fishpass
13.375,66.125,0.2305,Substratum_fishpass
13.625,66.125,0.2299,Substratum_fishpass
13.875,66.125,0.2239,Substratum_fishpass
14.125,66.125,0.2202,Substratum_fishpass
14.375,66.125,0.2195,Magerbeton_refinement
14.625,66.125,0.2195,Magerbeton_refinement
14.875,66.125,0.2198,Magerbeton_refinement
15.125,66.125,0.2221,Substratum_fishpass
15.375,66.125,0.2295,Substratum_fishpass
15.625,66.125,0.2350,Substratum_fishpass
15.875,66.125,0.2406,Substratum_fishpass
16.125,66.125,0.2466,Substratum_fishpass
16.375,66.125,0.2525,Substratum_fishpass
16.625,66.125,0.2583,Substratum_fishpass
13.125,66.375,0.2208,Substratum_fishpass
13.375,66.375,0.2200,Substratum_fishpass
13.625,66.375,0.2200,Substratum_fishpass
13.875,66.375,0.2202,Substratum_fishpass
14.125,66.375,0.2202,Substratum_fishpass
14.375,66.375,0.2247,Substratum_fishpass
14.625,66.375,0.2320,Substratum_fishpass
14.875,66.375,0.2386,Substratum_fishpass
15.125,66.375,0.2445,Substratum_fishpass
15.375,66.375,0.2503,Substratum_fishpass
15.625,66.375,0.2561,Substratum_fishpass
15.875,66.375,0.2619,Substratum_fishpass
16.125,66.375,0.2675,Substratum_fishpass
16.375,66.375,0.2725,Substratum_fishpass
16.625,66.375,0.2798,Substratum_fishpass
16.875,66.375,0.2945,Substratum_fishpass
13.125,66.625,0.2211,Substratum_fishpass
13.375,66.625,0.2200,Substratum_fishpass
13.625,66.625,0.2214,Substratum_fishpass
13.875,66.625,0.2307,Substratum_fishpass
14.125,66.625,0.2393,Substratum_fishpass
14.375,66.625,0.2460,Substratum_fishpass
14.625,66.625,0.2539,Substratum_fishpass
14.875,66.625,0.2597,Substratum_fishpass
15.125,66.625,0.2655,Substratum_fishpass
15.375,66.625,0.2721,Substratum_fishpass
15.625,66.625,0.2781,Substratum_fishpass
15.875,66.625,0.2834,Substratum_fishpass
16.125,66.625,0.2891,Substratum_fishpass
16.375,66.625,0.2949,Substratum_fishpass
16.625,66.625,0.3008,Substratum_fishpass
16.875,66.625,0.3067,Substratum_fishpass
13.125,66.875,0.2428,Substratum_fishpass
13.375,66.875,0.2410,Substratum_fishpass
13.625,66.875,0.2430,Substratum_fishpass
13.875,66.875,0.2519,Substratum_fishpass
14.125,66.875,0.2601,Substratum_fishpass
14.375,66.875,0.2671,Substratum_fishpass
14.625,66.875,0.2760,Substratum_fishpass
14.875,66.875,0.2813,Substratum_fishpass
15.125,66.875,0.2869,Substratum_fishpass
15.375,66.875,0.2927,Substratum_fishpass
15.625,66.875,0.2986,Substratum_fishpass
15.875,66.875,0.3044,Substratum_fishpass
16.125,66.875,0.3102,Substratum_fishpass
16.375,66.875,0.3162,Substratum_fishpass
16.625,66.875,0.3217,Substratum_fishpass
16.875,66.875,0.3267,Substratum_fishpass
13.125,67.125,0.2651,Substratum_fishpass
13.375,67.125,0.2649,Substratum_fishpass
13.625,67.125,0.2683,Substratum_fishpass
13.875,67.125,0.2725,Substratum_fishpass
14.125,67.125,0.2816,Substratum_fishpass
14.375,67.125,0.2884,Substratum_fishpass
14.625,67.125,0.2964,Substratum_fishpass
14.875,67.125,0.3022,Substratum_fishpass
15.125,67.125,0.3080,Substratum_fishpass
15.375,67.125,0.3139,Substratum_fishpass
15.625,67.125,0.3195,Substratum_fishpass
15.875,67.125,0.3281,Substratum_fishpass
16.125,67.125,0.3300,Substratum_final
16.375,67.125,0.3300,Substratum_final
16.625,67.125,0.3300,Substratum_final
16.875,67.125,0.3695,Substratum_final
17.125,67.125,0.6079,Stahlbeton_right
13.375,67.375,0.2867,Substratum_fishpass
13.625,67.375,0.2939,Substratum_fishpass
13.875,67.375,0.2968,Substratum_fishpass
14.125,67.375,0.3021,Substratum_fishpass
14.375,67.375,0.3096,Substratum_fishpass
14.625,67.375,0.3177,Substratum_fishpass
14.875,67.375,0.3222,Substratum_fishpass
15.125,67.375,0.3295,Substratum_fishpass
15.375,67.375,0.3300,Substratum_final
15.625,67.375,0.3300,Substratum_final
15.875,67.375,0.3300,Substratum_final
16.125,67.375,0.3300,Substratum_final
16.375,67.375,0.3300,Substratum_final
16.625,67.375,0.3355,Substratum_final
16.875,67.375,0.4930,Substratum_final
17.125,67.375,0.6517,Substratum_final
13.375,67.625,0.3098,Substratum_fishpass
13.625,67.625,0.3143,Substratum_fishpass
13.875,67.625,0.3199,Substratum_fishpass
14.125,67.625,0.3253,Substratum_fishpass
14.625,67.625,0.3300,Substratum_final
14.875,67.625,0.3300,Substratum_final
15.125,67.625,0.3300,Substratum_final
15.375,67.625,0.3300,Substratum_final
15.625,67.625,0.3300,Substratum_final
15.875,67.625,0.3300,Substratum_final
16.125,67.625,0.3300,Substratum_final
16.375,67.625,0.3300,Substratum_final
16.625,67.625,0.4440,Substratum_final
16.875,67.625,0.6131,Substratum_final
17.125,67.625,0.7745,Substratum_final
14.625,67.875,0.4758,Substratum_final
14.875,67.875,0.3906,Substratum_final
15.125,67.875,0.3300,Substratum_final
15.375,67.875,0.3300,Substratum_final
15.625,67.875,0.3300,Substratum_final
15.875,67.875,0.3300,Substratum_final
16.125,67.875,0.3300,Substratum_final
16.375,67.875,0.3929,Substratum_final
16.625,67.875,0.5652,Substratum_final
16.875,67.875,0.7159,Substratum_final
17.125,67.875,0.9798,Substratum_amphibienweg
14.625,68.125,0.5436,Substratum_final
14.875,68.125,0.4210,Substratum_final
15.125,68.125,0.3300,Substratum_final
15.375,68.125,0.3300,Substratum_final
15.625,68.125,0.3300,Substratum_final
15.875,68.125,0.3300,Substratum_final
16.125,68.125,0.3532,Substratum_final
16.375,68.125,0.5177,Substratum_final
16.625,68.125,0.6739,Substratum_final
16.875,68.125,0.8448,Substratum_final
17.125,68.125,0.9795,Substratum_final
17.375,68.125,0.9794,Substratum_final
14.625,68.375,0.5544,Substratum_final
14.875,68.375,0.4590,Substratum_final
15.125,68.375,0.3336,Substratum_final
15.375,68.375,0.3293,Substratum_final
15.625,68.375,0.3300,Substratum_final
15.875,68.375,0.3300,Substratum_final
16.125,68.375,0.4705,Substratum_final
16.375,68.375,0.6094,Substratum_final
16.625,68.375,0.7333,Substratum_final
16.875,68.375,0.8486,Substratum_final
17.125,68.375,0.9698,Substratum_final
17.375,68.375,0.9790,Substratum_final
14.875,68.625,0.4898,Substratum_final
15.125,68.625,0.3579,Substratum_final
15.375,68.625,0.3287,Substratum_final
15.625,68.625,0.3297,Substratum_final
15.875,68.625,0.3331,Substratum_final
16.125,68.625,0.4588,Substratum_final
16.375,68.625,0.5737,Substratum_final
16.625,68.625,0.6948,Substratum_final
16.875,68.625,0.8099,Substratum_final
17.125,68.625,0.9398,Substratum_final
17.375,68.625,0.9787,Substratum_final
14.875,68.875,0.5193,Substratum_final
15.125,68.875,0.3982,Substratum_final
15.375,68.875,0.3284,Substratum_final
15.625,68.875,0.3290,Substratum_final
15.875,68.875,0.3292,Substratum_final
16.125,68.875,0.4201,Substratum_final
16.375,68.875,0.5426,Substratum_final
16.625,68.875,0.6615,Substratum_final
16.875,68.875,0.7858,Substratum_final
17.125,68.875,0.9080,Substratum_final
17.375,68.875,0.9783,Substratum_final
14.875,69.125,0.5460,Substratum_final
15.125,69.125,0.4362,Substratum_final
15.375,69.125,0.3281,Substratum_final
15.625,69.125,0.3281,Substratum_final
15.875,69.125,0.3290,Substratum_final
16.125,69.125,0.3883,Substratum_final
16.375,69.125,0.5084,Substratum_final
16.625,69.125,0.6325,Substratum_final
16.875,69.125,0.7478,Substratum_final
17.125,69.125,0.8621,Substratum_final
17.375,69.125,0.9780,Substratum_final
17.625,69.125,0.9779,Substratum_final
14.875,69.375,0.6185,Stahlbeton_right
15.125,69.375,0.4597,Substratum_final
15.375,69.375,0.3391,Substratum_final
15.625,69.375,0.3276,Substratum_final
15.875,69.375,0.3287,Substratum_final
16.125,69.375,0.3541,Substratum_final
16.375,69.375,0.4729,Substratum_final
16.625,69.375,0.5939,Substratum_final
16.875,69.375,0.7091,Substratum_final
17.125,69.375,0.8383,Substratum_final
17.375,69.375,0.9616,Substratum_final
17.625,69.375,0.9776,Substratum_final
15.125,69.625,0.4975,Substratum_final
15.375,69.625,0.3810,Substratum_final
15.625,69.625,0.3274,Substratum_final
15.875,69.625,0.3284,Substratum_final
16.125,69.625,0.3282,Substratum_final
16.375,69.625,0.4418,Substratum_final
16.625,69.625,0.5608,Substratum_final
16.875,69.625,0.6849,Substratum_final
17.125,69.625,0.8002,Substratum_final
17.375,69.625,0.9219,Substratum_final
17.625,69.625,0.9772,Substratum_final
15.125,69.875,0.5349,Substratum_final
15.375,69.875,0.4106,Substratum_final
15.625,69.875,0.3270,Substratum_final
15.875,69.875,0.3276,Substratum_final
16.125,69.875,0.3279,Substratum_final
16.375,69.875,0.4102,Substratum_final
16.625,69.875,0.5317,Substratum_final
16.875,69.875,0.6469,Substratum_final
17.125,69.875,0.7614,Substratum_final
17.375,69.875,0.8908,Substratum_final
17.625,69.875,0.9768,Substratum_final
17.875,69.875,1.0064,Stahlbeton_right
15.125,70.125,0.5512,Substratum_final
15.375,70.125,0.4447,Substratum_final
15.625,70.125,0.3268,Substratum_final
15.875,70.125,0.3266,Substratum_final
16.125,70.125,0.3274,Substratum_final
16.375,70.125,0.3691,Substratum_final
16.625,70.125,0.4942,Substratum_final
16.875,70.125,0.6082,Substratum_final
17.125,70.125,0.7377,Substratum_final
17.375,70.125,0.8594,Substratum_final
17.625,70.125,0.9690,Substratum_final
17.875,70.125,0.9765,Substratum_final
15.375,70.375,0.4815,Substratum_final
15.625,70.375,0.3593,Substratum_final
15.875,70.375,0.3263,Substratum_final
16.125,70.375,0.3271,Substratum_final
16.375,70.375,0.3358,Substratum_final
16.625,70.375,0.4599,Substratum_final
16.875,70.375,0.5841,Substratum_final
17.125,70.375,0.6995,Substratum_final
17.375,70.375,0.8209,Substratum_final
17.625,70.375,0.9446,Substratum_final
17.875,70.375,0.9761,Substratum_final
